anchor,representative,loss,rho,dataset,ndcg_mean,ci_lo,ci_hi,n_queries
-,full,-,0.05,arxivqa,0.9414,0.9224,0.9593,450
-,merging,-,0.05,arxivqa,0.9031,0.876,0.928,450
coverage,anchor,none,0.05,arxivqa,0.9121,0.8872,0.9349,450
coverage,learned,full,0.05,arxivqa,0.9272,0.9052,0.9478,450
coverage,learned,margin,0.05,arxivqa,0.929,0.9077,0.9494,450
coverage,learned,score_reconstruction,0.05,arxivqa,0.9223,0.8984,0.942,450
coverage,response_centroid,none,0.05,arxivqa,0.9165,0.8937,0.9368,450
coverage,uniform_centroid,none,0.05,arxivqa,0.9282,0.9063,0.948,450
kcenter,anchor,none,0.05,arxivqa,0.8826,0.8552,0.9079,450
kcenter,learned,full,0.05,arxivqa,0.926,0.9051,0.9457,450
kcenter,learned,margin,0.05,arxivqa,0.9259,0.9048,0.9462,450
kcenter,learned,score_reconstruction,0.05,arxivqa,0.9227,0.9015,0.942,450
kcenter,response_centroid,none,0.05,arxivqa,0.9128,0.8899,0.9342,450
kcenter,uniform_centroid,none,0.05,arxivqa,0.9187,0.8975,0.9383,450
random,anchor,none,0.05,arxivqa,0.8757,0.8482,0.9008,450
random,learned,full,0.05,arxivqa,0.9281,0.9062,0.9481,450
random,learned,margin,0.05,arxivqa,0.9312,0.9088,0.9513,450
random,learned,score_reconstruction,0.05,arxivqa,0.928,0.9069,0.9473,450
random,response_centroid,none,0.05,arxivqa,0.8893,0.8625,0.9141,450
random,uniform_centroid,none,0.05,arxivqa,0.9091,0.8851,0.9309,450
-,full,-,0.05,docvqa,0.7054,0.6663,0.7412,450
-,merging,-,0.05,docvqa,0.6444,0.6027,0.6842,450
coverage,anchor,none,0.05,docvqa,0.6248,0.5848,0.665,450
coverage,learned,full,0.05,docvqa,0.6882,0.6486,0.7271,450
coverage,learned,margin,0.05,docvqa,0.6916,0.6511,0.73,450
coverage,learned,score_reconstruction,0.05,docvqa,0.6865,0.6447,0.7268,450
coverage,response_centroid,none,0.05,docvqa,0.6461,0.6047,0.6847,450
coverage,uniform_centroid,none,0.05,docvqa,0.6617,0.6218,0.7021,450
kcenter,anchor,none,0.05,docvqa,0.6148,0.572,0.6572,450
kcenter,learned,full,0.05,docvqa,0.6898,0.651,0.7304,450
kcenter,learned,margin,0.05,docvqa,0.6938,0.6506,0.7339,450
kcenter,learned,score_reconstruction,0.05,docvqa,0.7037,0.6622,0.7435,450
kcenter,response_centroid,none,0.05,docvqa,0.663,0.6223,0.702,450
kcenter,uniform_centroid,none,0.05,docvqa,0.6474,0.6035,0.6877,450
random,anchor,none,0.05,docvqa,0.6081,0.5686,0.6493,450
random,learned,full,0.05,docvqa,0.6961,0.6589,0.7339,450
random,learned,margin,0.05,docvqa,0.6875,0.6465,0.726,450
random,learned,score_reconstruction,0.05,docvqa,0.6968,0.6574,0.7354,450
random,response_centroid,none,0.05,docvqa,0.6363,0.5965,0.6783,450
random,uniform_centroid,none,0.05,docvqa,0.6413,0.6,0.683,450
-,full,-,0.05,flickr,0.9317,0.9181,0.9445,900
-,merging,-,0.05,flickr,0.7865,0.7648,0.8075,900
coverage,anchor,none,0.05,flickr,0.7514,0.7262,0.7743,900
coverage,learned,full,0.05,flickr,0.8838,0.8671,0.9006,900
coverage,learned,margin,0.05,flickr,0.8863,0.8699,0.9018,900
coverage,learned,score_reconstruction,0.05,flickr,0.8835,0.8669,0.8993,900
coverage,response_centroid,none,0.05,flickr,0.8024,0.7807,0.8245,900
coverage,uniform_centroid,none,0.05,flickr,0.8127,0.7916,0.8327,900
kcenter,anchor,none,0.05,flickr,0.6226,0.5958,0.6496,900
kcenter,learned,full,0.05,flickr,0.8869,0.8691,0.9032,900
kcenter,learned,margin,0.05,flickr,0.8838,0.8668,0.9005,900
kcenter,learned,score_reconstruction,0.05,flickr,0.887,0.8704,0.9032,900
kcenter,response_centroid,none,0.05,flickr,0.7148,0.6897,0.7396,900
kcenter,uniform_centroid,none,0.05,flickr,0.8526,0.8331,0.8725,900
random,anchor,none,0.05,flickr,0.5494,0.5206,0.5778,900
random,learned,full,0.05,flickr,0.8663,0.8474,0.8844,900
random,learned,margin,0.05,flickr,0.8556,0.8362,0.8747,900
random,learned,score_reconstruction,0.05,flickr,0.8642,0.8448,0.883,900
random,response_centroid,none,0.05,flickr,0.6217,0.5955,0.6475,900
random,uniform_centroid,none,0.05,flickr,0.7821,0.7588,0.8043,900
-,full,-,0.05,infovqa,0.9281,0.9074,0.9472,450
-,merging,-,0.05,infovqa,0.895,0.8706,0.9188,450
coverage,anchor,none,0.05,infovqa,0.8617,0.8332,0.8901,450
coverage,learned,full,0.05,infovqa,0.8918,0.8664,0.9151,450
coverage,learned,margin,0.05,infovqa,0.8903,0.8649,0.9141,450
coverage,learned,score_reconstruction,0.05,infovqa,0.8898,0.8639,0.9132,450
coverage,response_centroid,none,0.05,infovqa,0.8676,0.8395,0.8948,450
coverage,uniform_centroid,none,0.05,infovqa,0.8845,0.8589,0.9097,450
kcenter,anchor,none,0.05,infovqa,0.7908,0.756,0.8248,450
kcenter,learned,full,0.05,infovqa,0.906,0.8817,0.9276,450
kcenter,learned,margin,0.05,infovqa,0.9055,0.8813,0.9271,450
kcenter,learned,score_reconstruction,0.05,infovqa,0.9028,0.877,0.9249,450
kcenter,response_centroid,none,0.05,infovqa,0.8437,0.8129,0.8718,450
kcenter,uniform_centroid,none,0.05,infovqa,0.8949,0.8693,0.9185,450
random,anchor,none,0.05,infovqa,0.8514,0.8237,0.8781,450
random,learned,full,0.05,infovqa,0.9155,0.8942,0.9354,450
random,learned,margin,0.05,infovqa,0.9153,0.8933,0.9355,450
random,learned,score_reconstruction,0.05,infovqa,0.9078,0.8839,0.9303,450
random,response_centroid,none,0.05,infovqa,0.8678,0.8412,0.8937,450
random,uniform_centroid,none,0.05,infovqa,0.8968,0.8732,0.9208,450
-,full,-,0.05,tabfquad,0.9427,0.9205,0.9636,252
-,merging,-,0.05,tabfquad,0.9216,0.8946,0.9462,252
coverage,anchor,none,0.05,tabfquad,0.8744,0.8386,0.9066,252
coverage,learned,full,0.05,tabfquad,0.9128,0.8847,0.9403,252
coverage,learned,margin,0.05,tabfquad,0.9155,0.8868,0.9428,252
coverage,learned,score_reconstruction,0.05,tabfquad,0.9219,0.8909,0.9489,252
coverage,response_centroid,none,0.05,tabfquad,0.8797,0.8471,0.9104,252
coverage,uniform_centroid,none,0.05,tabfquad,0.9057,0.8741,0.9346,252
kcenter,anchor,none,0.05,tabfquad,0.8291,0.787,0.8651,252
kcenter,learned,full,0.05,tabfquad,0.9246,0.8956,0.9499,252
kcenter,learned,margin,0.05,tabfquad,0.924,0.8961,0.9487,252
kcenter,learned,score_reconstruction,0.05,tabfquad,0.9298,0.905,0.9523,252
kcenter,response_centroid,none,0.05,tabfquad,0.8604,0.8247,0.8953,252
kcenter,uniform_centroid,none,0.05,tabfquad,0.918,0.8882,0.9448,252
random,anchor,none,0.05,tabfquad,0.8482,0.8093,0.8854,252
random,learned,full,0.05,tabfquad,0.9174,0.8895,0.943,252
random,learned,margin,0.05,tabfquad,0.9191,0.8927,0.9446,252
random,learned,score_reconstruction,0.05,tabfquad,0.9169,0.8891,0.9433,252
random,response_centroid,none,0.05,tabfquad,0.865,0.8269,0.8997,252
random,uniform_centroid,none,0.05,tabfquad,0.9151,0.8857,0.9416,252
-,full,-,0.05,tatdqa,0.9004,0.8869,0.9128,1494
-,merging,-,0.05,tatdqa,0.8832,0.8692,0.8966,1494
coverage,anchor,none,0.05,tatdqa,0.8476,0.8334,0.8622,1494
coverage,learned,full,0.05,tatdqa,0.8864,0.8736,0.8988,1494
coverage,learned,margin,0.05,tatdqa,0.8876,0.8745,0.9002,1494
coverage,learned,score_reconstruction,0.05,tatdqa,0.8893,0.8762,0.9023,1494
coverage,response_centroid,none,0.05,tatdqa,0.8693,0.8557,0.8828,1494
coverage,uniform_centroid,none,0.05,tatdqa,0.886,0.8721,0.8987,1494
kcenter,anchor,none,0.05,tatdqa,0.8632,0.8497,0.8778,1494
kcenter,learned,full,0.05,tatdqa,0.8901,0.8767,0.903,1494
kcenter,learned,margin,0.05,tatdqa,0.8903,0.8765,0.9029,1494
kcenter,learned,score_reconstruction,0.05,tatdqa,0.8918,0.8787,0.9043,1494
kcenter,response_centroid,none,0.05,tatdqa,0.8869,0.8741,0.8997,1494
kcenter,uniform_centroid,none,0.05,tatdqa,0.8892,0.8756,0.9019,1494
random,anchor,none,0.05,tatdqa,0.8453,0.8308,0.8607,1494
random,learned,full,0.05,tatdqa,0.8902,0.8771,0.9026,1494
random,learned,margin,0.05,tatdqa,0.8905,0.8769,0.904,1494
random,learned,score_reconstruction,0.05,tatdqa,0.8945,0.8812,0.9074,1494
random,response_centroid,none,0.05,tatdqa,0.8683,0.8543,0.8812,1494
random,uniform_centroid,none,0.05,tatdqa,0.8822,0.8683,0.8958,1494
-,full,-,0.1,arxivqa,0.9414,0.9215,0.9583,450
-,merging,-,0.1,arxivqa,0.9196,0.8969,0.9416,450
coverage,anchor,none,0.1,arxivqa,0.9141,0.8912,0.9362,450
coverage,learned,full,0.1,arxivqa,0.9323,0.9115,0.9522,450
coverage,learned,margin,0.1,arxivqa,0.9323,0.9115,0.9521,450
coverage,learned,score_reconstruction,0.1,arxivqa,0.9304,0.9097,0.9504,450
coverage,response_centroid,none,0.1,arxivqa,0.9194,0.8955,0.9407,450
coverage,uniform_centroid,none,0.1,arxivqa,0.9302,0.9107,0.951,450
kcenter,anchor,none,0.1,arxivqa,0.9035,0.8804,0.9257,450
kcenter,learned,full,0.1,arxivqa,0.9301,0.9111,0.949,450
kcenter,learned,margin,0.1,arxivqa,0.9313,0.9107,0.951,450
kcenter,learned,score_reconstruction,0.1,arxivqa,0.9322,0.9116,0.9512,450
kcenter,response_centroid,none,0.1,arxivqa,0.9296,0.9086,0.9488,450
kcenter,uniform_centroid,none,0.1,arxivqa,0.9278,0.9067,0.9475,450
random,anchor,none,0.1,arxivqa,0.8847,0.8603,0.9095,450
random,learned,full,0.1,arxivqa,0.9307,0.9096,0.9493,450
random,learned,margin,0.1,arxivqa,0.9299,0.9094,0.9497,450
random,learned,score_reconstruction,0.1,arxivqa,0.9322,0.9129,0.951,450
random,response_centroid,none,0.1,arxivqa,0.8973,0.8733,0.9209,450
random,uniform_centroid,none,0.1,arxivqa,0.9198,0.8979,0.9408,450
-,full,-,0.1,docvqa,0.7054,0.6679,0.7429,450
-,merging,-,0.1,docvqa,0.6666,0.6276,0.7065,450
coverage,anchor,none,0.1,docvqa,0.6396,0.6004,0.6811,450
coverage,learned,full,0.1,docvqa,0.7042,0.6626,0.7408,450
coverage,learned,margin,0.1,docvqa,0.7028,0.6627,0.7409,450
coverage,learned,score_reconstruction,0.1,docvqa,0.7043,0.6655,0.743,450
coverage,response_centroid,none,0.1,docvqa,0.6714,0.6335,0.7102,450
coverage,uniform_centroid,none,0.1,docvqa,0.7126,0.6751,0.7505,450
kcenter,anchor,none,0.1,docvqa,0.6585,0.618,0.6987,450
kcenter,learned,full,0.1,docvqa,0.7025,0.6621,0.7424,450
kcenter,learned,margin,0.1,docvqa,0.7015,0.6618,0.742,450
kcenter,learned,score_reconstruction,0.1,docvqa,0.7001,0.6621,0.7382,450
kcenter,response_centroid,none,0.1,docvqa,0.6889,0.6498,0.7293,450
kcenter,uniform_centroid,none,0.1,docvqa,0.6738,0.634,0.7132,450
random,anchor,none,0.1,docvqa,0.6514,0.6095,0.6918,450
random,learned,full,0.1,docvqa,0.6924,0.6549,0.7317,450
random,learned,margin,0.1,docvqa,0.6963,0.6574,0.7364,450
random,learned,score_reconstruction,0.1,docvqa,0.6983,0.6602,0.7357,450
random,response_centroid,none,0.1,docvqa,0.6697,0.6305,0.7088,450
random,uniform_centroid,none,0.1,docvqa,0.6766,0.6354,0.7146,450
-,full,-,0.1,flickr,0.9317,0.9185,0.9444,900
-,merging,-,0.1,flickr,0.8735,0.8562,0.8906,900
coverage,anchor,none,0.1,flickr,0.8626,0.8451,0.8802,900
coverage,learned,full,0.1,flickr,0.9161,0.9021,0.9301,900
coverage,learned,margin,0.1,flickr,0.9176,0.9026,0.9312,900
coverage,learned,score_reconstruction,0.1,flickr,0.9171,0.9023,0.9313,900
coverage,response_centroid,none,0.1,flickr,0.8911,0.8744,0.9071,900
coverage,uniform_centroid,none,0.1,flickr,0.8935,0.8771,0.9094,900
kcenter,anchor,none,0.1,flickr,0.7523,0.73,0.7746,900
kcenter,learned,full,0.1,flickr,0.9134,0.8979,0.928,900
kcenter,learned,margin,0.1,flickr,0.913,0.898,0.9277,900
kcenter,learned,score_reconstruction,0.1,flickr,0.9159,0.9006,0.9303,900
kcenter,response_centroid,none,0.1,flickr,0.8337,0.8136,0.8537,900
kcenter,uniform_centroid,none,0.1,flickr,0.9076,0.892,0.9227,900
random,anchor,none,0.1,flickr,0.706,0.6804,0.7303,900
random,learned,full,0.1,flickr,0.8991,0.8829,0.915,900
random,learned,margin,0.1,flickr,0.8913,0.8739,0.9077,900
random,learned,score_reconstruction,0.1,flickr,0.9053,0.8897,0.92,900
random,response_centroid,none,0.1,flickr,0.7614,0.7362,0.7865,900
random,uniform_centroid,none,0.1,flickr,0.858,0.8392,0.8768,900
-,full,-,0.1,infovqa,0.9281,0.9083,0.9478,450
-,merging,-,0.1,infovqa,0.9095,0.8855,0.932,450
coverage,anchor,none,0.1,infovqa,0.8765,0.8476,0.9028,450
coverage,learned,full,0.1,infovqa,0.9259,0.9038,0.9464,450
coverage,learned,margin,0.1,infovqa,0.9259,0.9049,0.9452,450
coverage,learned,score_reconstruction,0.1,infovqa,0.9304,0.9107,0.9494,450
coverage,response_centroid,none,0.1,infovqa,0.8905,0.8646,0.9143,450
coverage,uniform_centroid,none,0.1,infovqa,0.9238,0.9022,0.9434,450
kcenter,anchor,none,0.1,infovqa,0.8577,0.8294,0.8861,450
kcenter,learned,full,0.1,infovqa,0.9126,0.8893,0.9335,450
kcenter,learned,margin,0.1,infovqa,0.913,0.8882,0.935,450
kcenter,learned,score_reconstruction,0.1,infovqa,0.9156,0.8936,0.9363,450
kcenter,response_centroid,none,0.1,infovqa,0.8923,0.8663,0.9166,450
kcenter,uniform_centroid,none,0.1,infovqa,0.9124,0.8886,0.9335,450
random,anchor,none,0.1,infovqa,0.8863,0.8612,0.9112,450
random,learned,full,0.1,infovqa,0.9266,0.9043,0.9463,450
random,learned,margin,0.1,infovqa,0.9255,0.9046,0.9455,450
random,learned,score_reconstruction,0.1,infovqa,0.9164,0.8935,0.9359,450
random,response_centroid,none,0.1,infovqa,0.8996,0.8758,0.9222,450
random,uniform_centroid,none,0.1,infovqa,0.9127,0.8898,0.9335,450
-,full,-,0.1,tabfquad,0.9427,0.9194,0.9628,252
-,merging,-,0.1,tabfquad,0.9274,0.9014,0.9508,252
coverage,anchor,none,0.1,tabfquad,0.9216,0.8951,0.9448,252
coverage,learned,full,0.1,tabfquad,0.9301,0.9045,0.9532,252
coverage,learned,margin,0.1,tabfquad,0.9307,0.9049,0.9539,252
coverage,learned,score_reconstruction,0.1,tabfquad,0.9334,0.9093,0.9551,252
coverage,response_centroid,none,0.1,tabfquad,0.9219,0.8953,0.9454,252
coverage,uniform_centroid,none,0.1,tabfquad,0.9311,0.9042,0.9558,252
kcenter,anchor,none,0.1,tabfquad,0.9089,0.88,0.9367,252
kcenter,learned,full,0.1,tabfquad,0.9373,0.9123,0.9594,252
kcenter,learned,margin,0.1,tabfquad,0.934,0.9073,0.9562,252
kcenter,learned,score_reconstruction,0.1,tabfquad,0.9392,0.9152,0.9608,252
kcenter,response_centroid,none,0.1,tabfquad,0.9202,0.8919,0.947,252
kcenter,uniform_centroid,none,0.1,tabfquad,0.9325,0.9058,0.9563,252
random,anchor,none,0.1,tabfquad,0.9079,0.8777,0.9365,252
random,learned,full,0.1,tabfquad,0.94,0.9174,0.9598,252
random,learned,margin,0.1,tabfquad,0.9396,0.9158,0.9606,252
random,learned,score_reconstruction,0.1,tabfquad,0.9397,0.9154,0.9604,252
random,response_centroid,none,0.1,tabfquad,0.9161,0.8852,0.9442,252
random,uniform_centroid,none,0.1,tabfquad,0.9377,0.9141,0.9605,252
-,full,-,0.1,tatdqa,0.9004,0.8868,0.9126,1494
-,merging,-,0.1,tatdqa,0.8885,0.8751,0.9017,1494
coverage,anchor,none,0.1,tatdqa,0.8486,0.8343,0.8627,1494
coverage,learned,full,0.1,tatdqa,0.891,0.8775,0.9039,1494
coverage,learned,margin,0.1,tatdqa,0.8919,0.8786,0.9046,1494
coverage,learned,score_reconstruction,0.1,tatdqa,0.8949,0.8818,0.9083,1494
coverage,response_centroid,none,0.1,tatdqa,0.8762,0.8626,0.8888,1494
coverage,uniform_centroid,none,0.1,tatdqa,0.8899,0.8765,0.9017,1494
kcenter,anchor,none,0.1,tatdqa,0.8821,0.8688,0.8953,1494
kcenter,learned,full,0.1,tatdqa,0.8971,0.8839,0.91,1494
kcenter,learned,margin,0.1,tatdqa,0.8951,0.8822,0.9076,1494
kcenter,learned,score_reconstruction,0.1,tatdqa,0.8958,0.8825,0.9081,1494
kcenter,response_centroid,none,0.1,tatdqa,0.8975,0.8843,0.9102,1494
kcenter,uniform_centroid,none,0.1,tatdqa,0.8953,0.8822,0.9081,1494
random,anchor,none,0.1,tatdqa,0.8707,0.8565,0.8833,1494
random,learned,full,0.1,tatdqa,0.8978,0.8853,0.9105,1494
random,learned,margin,0.1,tatdqa,0.8966,0.8837,0.91,1494
random,learned,score_reconstruction,0.1,tatdqa,0.8988,0.8865,0.9114,1494
random,response_centroid,none,0.1,tatdqa,0.8855,0.8725,0.8982,1494
random,uniform_centroid,none,0.1,tatdqa,0.8923,0.88,0.9049,1494
