anchor,representative,loss,rho,dataset,vs,delta_ndcg,ci_lo,ci_hi,significant
-,full,-,0.05,arxivqa,merging,0.0383,0.0247,0.0541,True
-,full,-,0.05,arxivqa,coverage_response,0.0249,0.0127,0.0396,True
-,full,-,0.05,arxivqa,full_marginmerge,0.0142,0.0043,0.0253,True
-,merging,-,0.05,arxivqa,coverage_response,-0.0133,-0.0287,0.0008,False
-,merging,-,0.05,arxivqa,full_marginmerge,-0.024,-0.0383,-0.0106,True
coverage,anchor,none,0.05,arxivqa,merging,0.009,-0.0063,0.0242,False
coverage,anchor,none,0.05,arxivqa,coverage_response,-0.0044,-0.0088,-0.0008,False
coverage,anchor,none,0.05,arxivqa,full_marginmerge,-0.0151,-0.0263,-0.0052,True
coverage,learned,full,0.05,arxivqa,merging,0.024,0.0105,0.0379,True
coverage,learned,full,0.05,arxivqa,coverage_response,0.0107,0.0019,0.0213,True
coverage,learned,margin,0.05,arxivqa,merging,0.0258,0.0124,0.0401,True
coverage,learned,margin,0.05,arxivqa,coverage_response,0.0125,0.0029,0.0231,True
coverage,learned,margin,0.05,arxivqa,full_marginmerge,0.0018,-0.0024,0.0064,False
coverage,learned,score_reconstruction,0.05,arxivqa,merging,0.0191,0.0062,0.0322,True
coverage,learned,score_reconstruction,0.05,arxivqa,coverage_response,0.0058,-0.002,0.015,False
coverage,learned,score_reconstruction,0.05,arxivqa,full_marginmerge,-0.0049,-0.0108,0.001,False
coverage,response_centroid,none,0.05,arxivqa,merging,0.0133,-0.0017,0.0285,False
coverage,response_centroid,none,0.05,arxivqa,full_marginmerge,-0.0107,-0.0205,-0.0022,True
coverage,uniform_centroid,none,0.05,arxivqa,merging,0.0251,0.0119,0.0398,True
coverage,uniform_centroid,none,0.05,arxivqa,coverage_response,0.0117,0.0024,0.0226,True
coverage,uniform_centroid,none,0.05,arxivqa,full_marginmerge,0.0011,-0.005,0.0075,False
kcenter,anchor,none,0.05,arxivqa,merging,-0.0205,-0.038,-0.0028,True
kcenter,anchor,none,0.05,arxivqa,coverage_response,-0.0339,-0.0533,-0.0146,True
kcenter,anchor,none,0.05,arxivqa,full_marginmerge,-0.0445,-0.0641,-0.0257,True
kcenter,learned,full,0.05,arxivqa,merging,0.0229,0.0084,0.0379,True
kcenter,learned,full,0.05,arxivqa,coverage_response,0.0095,-0.0033,0.0226,False
kcenter,learned,full,0.05,arxivqa,full_marginmerge,-0.0011,-0.011,0.0086,False
kcenter,learned,margin,0.05,arxivqa,merging,0.0227,0.0086,0.0371,True
kcenter,learned,margin,0.05,arxivqa,coverage_response,0.0094,-0.0032,0.0233,False
kcenter,learned,margin,0.05,arxivqa,full_marginmerge,-0.0013,-0.0106,0.0086,False
kcenter,learned,score_reconstruction,0.05,arxivqa,merging,0.0195,0.0064,0.0326,True
kcenter,learned,score_reconstruction,0.05,arxivqa,coverage_response,0.0062,-0.0058,0.0189,False
kcenter,learned,score_reconstruction,0.05,arxivqa,full_marginmerge,-0.0045,-0.0134,0.0039,False
kcenter,response_centroid,none,0.05,arxivqa,merging,0.0096,-0.0036,0.0239,False
kcenter,response_centroid,none,0.05,arxivqa,coverage_response,-0.0037,-0.0165,0.0097,False
kcenter,response_centroid,none,0.05,arxivqa,full_marginmerge,-0.0144,-0.0265,-0.0028,True
kcenter,uniform_centroid,none,0.05,arxivqa,merging,0.0155,0.0016,0.0293,True
kcenter,uniform_centroid,none,0.05,arxivqa,coverage_response,0.0022,-0.011,0.0154,False
kcenter,uniform_centroid,none,0.05,arxivqa,full_marginmerge,-0.0085,-0.0194,0.0024,False
random,anchor,none,0.05,arxivqa,merging,-0.0275,-0.0466,-0.0088,True
random,anchor,none,0.05,arxivqa,coverage_response,-0.0408,-0.0595,-0.0224,True
random,anchor,none,0.05,arxivqa,full_marginmerge,-0.0515,-0.0687,-0.0334,True
random,learned,full,0.05,arxivqa,merging,0.025,0.0113,0.0391,True
random,learned,full,0.05,arxivqa,coverage_response,0.0116,-0.0003,0.0247,False
random,learned,full,0.05,arxivqa,full_marginmerge,0.001,-0.0094,0.0117,False
random,learned,margin,0.05,arxivqa,merging,0.0281,0.0141,0.0436,True
random,learned,margin,0.05,arxivqa,coverage_response,0.0147,0.002,0.0286,True
random,learned,margin,0.05,arxivqa,full_marginmerge,0.0041,-0.0066,0.0149,False
random,learned,score_reconstruction,0.05,arxivqa,merging,0.0248,0.0119,0.039,True
random,learned,score_reconstruction,0.05,arxivqa,coverage_response,0.0115,-0.001,0.0243,False
random,learned,score_reconstruction,0.05,arxivqa,full_marginmerge,0.0008,-0.0095,0.0114,False
random,response_centroid,none,0.05,arxivqa,merging,-0.0138,-0.0306,0.005,False
random,response_centroid,none,0.05,arxivqa,coverage_response,-0.0272,-0.0457,-0.0095,True
random,response_centroid,none,0.05,arxivqa,full_marginmerge,-0.0379,-0.0557,-0.0215,True
random,uniform_centroid,none,0.05,arxivqa,merging,0.006,-0.0084,0.0206,False
random,uniform_centroid,none,0.05,arxivqa,coverage_response,-0.0074,-0.024,0.0086,False
random,uniform_centroid,none,0.05,arxivqa,full_marginmerge,-0.0181,-0.0317,-0.0053,True
-,full,-,0.05,docvqa,merging,0.061,0.0373,0.0854,True
-,full,-,0.05,docvqa,coverage_response,0.0594,0.0392,0.0805,True
-,full,-,0.05,docvqa,full_marginmerge,0.0173,-0.0033,0.038,False
-,merging,-,0.05,docvqa,coverage_response,-0.0017,-0.0321,0.028,False
-,merging,-,0.05,docvqa,full_marginmerge,-0.0438,-0.0719,-0.0152,True
coverage,anchor,none,0.05,docvqa,merging,-0.0196,-0.0542,0.0137,False
coverage,anchor,none,0.05,docvqa,coverage_response,-0.0213,-0.0378,-0.0046,True
coverage,anchor,none,0.05,docvqa,full_marginmerge,-0.0634,-0.0895,-0.0385,True
coverage,learned,full,0.05,docvqa,merging,0.0438,0.0163,0.0715,True
coverage,learned,full,0.05,docvqa,coverage_response,0.0421,0.0217,0.0616,True
coverage,learned,margin,0.05,docvqa,merging,0.0472,0.0179,0.0756,True
coverage,learned,margin,0.05,docvqa,coverage_response,0.0455,0.0259,0.0665,True
coverage,learned,margin,0.05,docvqa,full_marginmerge,0.0034,-0.0018,0.0096,False
coverage,learned,score_reconstruction,0.05,docvqa,merging,0.0421,0.0153,0.0701,True
coverage,learned,score_reconstruction,0.05,docvqa,coverage_response,0.0404,0.024,0.0586,True
coverage,learned,score_reconstruction,0.05,docvqa,full_marginmerge,-0.0017,-0.0158,0.0121,False
coverage,response_centroid,none,0.05,docvqa,merging,0.0017,-0.0292,0.0302,False
coverage,response_centroid,none,0.05,docvqa,full_marginmerge,-0.0421,-0.0617,-0.0242,True
coverage,uniform_centroid,none,0.05,docvqa,merging,0.0173,-0.0068,0.0397,False
coverage,uniform_centroid,none,0.05,docvqa,coverage_response,0.0156,-0.0079,0.0388,False
coverage,uniform_centroid,none,0.05,docvqa,full_marginmerge,-0.0265,-0.0453,-0.0091,True
kcenter,anchor,none,0.05,docvqa,merging,-0.0296,-0.0536,-0.0028,True
kcenter,anchor,none,0.05,docvqa,coverage_response,-0.0313,-0.0594,-0.0034,True
kcenter,anchor,none,0.05,docvqa,full_marginmerge,-0.0734,-0.1013,-0.0473,True
kcenter,learned,full,0.05,docvqa,merging,0.0454,0.0194,0.0716,True
kcenter,learned,full,0.05,docvqa,coverage_response,0.0437,0.0193,0.0693,True
kcenter,learned,full,0.05,docvqa,full_marginmerge,0.0016,-0.0196,0.0226,False
kcenter,learned,margin,0.05,docvqa,merging,0.0494,0.0238,0.0757,True
kcenter,learned,margin,0.05,docvqa,coverage_response,0.0477,0.0235,0.0722,True
kcenter,learned,margin,0.05,docvqa,full_marginmerge,0.0056,-0.0155,0.0264,False
kcenter,learned,score_reconstruction,0.05,docvqa,merging,0.0593,0.0326,0.0863,True
kcenter,learned,score_reconstruction,0.05,docvqa,coverage_response,0.0576,0.0332,0.0816,True
kcenter,learned,score_reconstruction,0.05,docvqa,full_marginmerge,0.0155,-0.0055,0.0373,False
kcenter,response_centroid,none,0.05,docvqa,merging,0.0187,-0.0065,0.0414,False
kcenter,response_centroid,none,0.05,docvqa,coverage_response,0.017,-0.0085,0.0421,False
kcenter,response_centroid,none,0.05,docvqa,full_marginmerge,-0.0251,-0.0496,-0.0013,True
kcenter,uniform_centroid,none,0.05,docvqa,merging,0.003,-0.0198,0.0278,False
kcenter,uniform_centroid,none,0.05,docvqa,coverage_response,0.0013,-0.0244,0.0266,False
kcenter,uniform_centroid,none,0.05,docvqa,full_marginmerge,-0.0408,-0.0651,-0.0167,True
random,anchor,none,0.05,docvqa,merging,-0.0363,-0.062,-0.0129,True
random,anchor,none,0.05,docvqa,coverage_response,-0.038,-0.0669,-0.01,True
random,anchor,none,0.05,docvqa,full_marginmerge,-0.0801,-0.1069,-0.0545,True
random,learned,full,0.05,docvqa,merging,0.0517,0.0263,0.0775,True
random,learned,full,0.05,docvqa,coverage_response,0.05,0.0268,0.074,True
random,learned,full,0.05,docvqa,full_marginmerge,0.0079,-0.0131,0.0281,False
random,learned,margin,0.05,docvqa,merging,0.0431,0.0183,0.069,True
random,learned,margin,0.05,docvqa,coverage_response,0.0414,0.0166,0.0659,True
random,learned,margin,0.05,docvqa,full_marginmerge,-0.0007,-0.0208,0.0213,False
random,learned,score_reconstruction,0.05,docvqa,merging,0.0524,0.0286,0.0782,True
random,learned,score_reconstruction,0.05,docvqa,coverage_response,0.0507,0.0276,0.0745,True
random,learned,score_reconstruction,0.05,docvqa,full_marginmerge,0.0086,-0.0113,0.0298,False
random,response_centroid,none,0.05,docvqa,merging,-0.008,-0.0312,0.0162,False
random,response_centroid,none,0.05,docvqa,coverage_response,-0.0097,-0.0389,0.0188,False
random,response_centroid,none,0.05,docvqa,full_marginmerge,-0.0518,-0.0794,-0.025,True
random,uniform_centroid,none,0.05,docvqa,merging,-0.003,-0.0255,0.019,False
random,uniform_centroid,none,0.05,docvqa,coverage_response,-0.0047,-0.032,0.0216,False
random,uniform_centroid,none,0.05,docvqa,full_marginmerge,-0.0468,-0.0723,-0.0234,True
-,full,-,0.05,flickr,merging,0.1452,0.1267,0.1637,True
-,full,-,0.05,flickr,coverage_response,0.1293,0.1121,0.1469,True
-,full,-,0.05,flickr,full_marginmerge,0.0479,0.0362,0.0601,True
-,merging,-,0.05,flickr,coverage_response,-0.0159,-0.0414,0.0082,False
-,merging,-,0.05,flickr,full_marginmerge,-0.0973,-0.1172,-0.0789,True
coverage,anchor,none,0.05,flickr,merging,-0.0352,-0.0612,-0.0082,True
coverage,anchor,none,0.05,flickr,coverage_response,-0.0511,-0.0619,-0.0397,True
coverage,anchor,none,0.05,flickr,full_marginmerge,-0.1324,-0.1543,-0.1113,True
coverage,learned,full,0.05,flickr,merging,0.0973,0.0787,0.1166,True
coverage,learned,full,0.05,flickr,coverage_response,0.0814,0.0628,0.0989,True
coverage,learned,margin,0.05,flickr,merging,0.0998,0.0807,0.118,True
coverage,learned,margin,0.05,flickr,coverage_response,0.0839,0.0664,0.1012,True
coverage,learned,margin,0.05,flickr,full_marginmerge,0.0025,-0.0003,0.0058,False
coverage,learned,score_reconstruction,0.05,flickr,merging,0.0969,0.0788,0.1162,True
coverage,learned,score_reconstruction,0.05,flickr,coverage_response,0.081,0.0637,0.0983,True
coverage,learned,score_reconstruction,0.05,flickr,full_marginmerge,-0.0003,-0.0086,0.0076,False
coverage,response_centroid,none,0.05,flickr,merging,0.0159,-0.0082,0.0414,False
coverage,response_centroid,none,0.05,flickr,full_marginmerge,-0.0814,-0.0993,-0.0632,True
coverage,uniform_centroid,none,0.05,flickr,merging,0.0262,0.0057,0.0469,True
coverage,uniform_centroid,none,0.05,flickr,coverage_response,0.0103,-0.0126,0.0331,False
coverage,uniform_centroid,none,0.05,flickr,full_marginmerge,-0.0711,-0.0866,-0.0563,True
kcenter,anchor,none,0.05,flickr,merging,-0.164,-0.1911,-0.137,True
kcenter,anchor,none,0.05,flickr,coverage_response,-0.1799,-0.2093,-0.1498,True
kcenter,anchor,none,0.05,flickr,full_marginmerge,-0.2613,-0.2892,-0.2347,True
kcenter,learned,full,0.05,flickr,merging,0.1004,0.0811,0.1208,True
kcenter,learned,full,0.05,flickr,coverage_response,0.0844,0.0655,0.1036,True
kcenter,learned,full,0.05,flickr,full_marginmerge,0.0031,-0.0094,0.0162,False
kcenter,learned,margin,0.05,flickr,merging,0.0973,0.0775,0.1169,True
kcenter,learned,margin,0.05,flickr,coverage_response,0.0814,0.0639,0.1008,True
kcenter,learned,margin,0.05,flickr,full_marginmerge,0.0,-0.0129,0.014,False
kcenter,learned,score_reconstruction,0.05,flickr,merging,0.1004,0.0806,0.121,True
kcenter,learned,score_reconstruction,0.05,flickr,coverage_response,0.0845,0.0675,0.1035,True
kcenter,learned,score_reconstruction,0.05,flickr,full_marginmerge,0.0032,-0.0092,0.0155,False
kcenter,response_centroid,none,0.05,flickr,merging,-0.0717,-0.0973,-0.0451,True
kcenter,response_centroid,none,0.05,flickr,coverage_response,-0.0876,-0.1136,-0.0612,True
kcenter,response_centroid,none,0.05,flickr,full_marginmerge,-0.169,-0.1915,-0.1472,True
kcenter,uniform_centroid,none,0.05,flickr,merging,0.0661,0.0464,0.087,True
kcenter,uniform_centroid,none,0.05,flickr,coverage_response,0.0502,0.0278,0.071,True
kcenter,uniform_centroid,none,0.05,flickr,full_marginmerge,-0.0312,-0.0474,-0.0157,True
random,anchor,none,0.05,flickr,merging,-0.2372,-0.2669,-0.2054,True
random,anchor,none,0.05,flickr,coverage_response,-0.2531,-0.2845,-0.2222,True
random,anchor,none,0.05,flickr,full_marginmerge,-0.3345,-0.3623,-0.3066,True
random,learned,full,0.05,flickr,merging,0.0798,0.0599,0.1009,True
random,learned,full,0.05,flickr,coverage_response,0.0639,0.0448,0.0831,True
random,learned,full,0.05,flickr,full_marginmerge,-0.0175,-0.0307,-0.004,True
random,learned,margin,0.05,flickr,merging,0.0691,0.0494,0.0896,True
random,learned,margin,0.05,flickr,coverage_response,0.0532,0.0329,0.0735,True
random,learned,margin,0.05,flickr,full_marginmerge,-0.0282,-0.0438,-0.0135,True
random,learned,score_reconstruction,0.05,flickr,merging,0.0777,0.0569,0.0994,True
random,learned,score_reconstruction,0.05,flickr,coverage_response,0.0618,0.0408,0.083,True
random,learned,score_reconstruction,0.05,flickr,full_marginmerge,-0.0196,-0.034,-0.006,True
random,response_centroid,none,0.05,flickr,merging,-0.1649,-0.1949,-0.1343,True
random,response_centroid,none,0.05,flickr,coverage_response,-0.1808,-0.2088,-0.1526,True
random,response_centroid,none,0.05,flickr,full_marginmerge,-0.2621,-0.2884,-0.2363,True
random,uniform_centroid,none,0.05,flickr,merging,-0.0044,-0.0279,0.0183,False
random,uniform_centroid,none,0.05,flickr,coverage_response,-0.0203,-0.0453,0.0029,False
random,uniform_centroid,none,0.05,flickr,full_marginmerge,-0.1017,-0.1207,-0.082,True
-,full,-,0.05,infovqa,merging,0.0331,0.0172,0.05,True
-,full,-,0.05,infovqa,coverage_response,0.0606,0.0405,0.0839,True
-,full,-,0.05,infovqa,full_marginmerge,0.0363,0.02,0.0545,True
-,merging,-,0.05,infovqa,coverage_response,0.0275,0.0088,0.0469,True
-,merging,-,0.05,infovqa,full_marginmerge,0.0032,-0.014,0.0201,False
coverage,anchor,none,0.05,infovqa,merging,-0.0333,-0.0547,-0.0131,True
coverage,anchor,none,0.05,infovqa,coverage_response,-0.0059,-0.0127,0.001,False
coverage,anchor,none,0.05,infovqa,full_marginmerge,-0.0301,-0.0473,-0.0137,True
coverage,learned,full,0.05,infovqa,merging,-0.0032,-0.0204,0.0139,False
coverage,learned,full,0.05,infovqa,coverage_response,0.0242,0.0099,0.0387,True
coverage,learned,margin,0.05,infovqa,merging,-0.0047,-0.0216,0.012,False
coverage,learned,margin,0.05,infovqa,coverage_response,0.0228,0.0083,0.0381,True
coverage,learned,margin,0.05,infovqa,full_marginmerge,-0.0015,-0.0046,0.0013,False
coverage,learned,score_reconstruction,0.05,infovqa,merging,-0.0052,-0.0237,0.0135,False
coverage,learned,score_reconstruction,0.05,infovqa,coverage_response,0.0223,0.0084,0.0363,True
coverage,learned,score_reconstruction,0.05,infovqa,full_marginmerge,-0.002,-0.008,0.0039,False
coverage,response_centroid,none,0.05,infovqa,merging,-0.0275,-0.0466,-0.0087,True
coverage,response_centroid,none,0.05,infovqa,full_marginmerge,-0.0242,-0.0396,-0.01,True
coverage,uniform_centroid,none,0.05,infovqa,merging,-0.0105,-0.0261,0.0032,False
coverage,uniform_centroid,none,0.05,infovqa,coverage_response,0.017,0.0021,0.0311,True
coverage,uniform_centroid,none,0.05,infovqa,full_marginmerge,-0.0072,-0.0191,0.0028,False
kcenter,anchor,none,0.05,infovqa,merging,-0.1042,-0.1315,-0.0805,True
kcenter,anchor,none,0.05,infovqa,coverage_response,-0.0767,-0.102,-0.0507,True
kcenter,anchor,none,0.05,infovqa,full_marginmerge,-0.101,-0.1266,-0.075,True
kcenter,learned,full,0.05,infovqa,merging,0.011,-0.0047,0.0266,False
kcenter,learned,full,0.05,infovqa,coverage_response,0.0384,0.0194,0.0591,True
kcenter,learned,full,0.05,infovqa,full_marginmerge,0.0142,-0.0007,0.0304,False
kcenter,learned,margin,0.05,infovqa,merging,0.0105,-0.0055,0.0265,False
kcenter,learned,margin,0.05,infovqa,coverage_response,0.0379,0.0185,0.0595,True
kcenter,learned,margin,0.05,infovqa,full_marginmerge,0.0137,-0.002,0.0304,False
kcenter,learned,score_reconstruction,0.05,infovqa,merging,0.0078,-0.0074,0.0243,False
kcenter,learned,score_reconstruction,0.05,infovqa,coverage_response,0.0353,0.016,0.0557,True
kcenter,learned,score_reconstruction,0.05,infovqa,full_marginmerge,0.0111,-0.0042,0.0267,False
kcenter,response_centroid,none,0.05,infovqa,merging,-0.0513,-0.0722,-0.0315,True
kcenter,response_centroid,none,0.05,infovqa,coverage_response,-0.0238,-0.0462,-0.0015,True
kcenter,response_centroid,none,0.05,infovqa,full_marginmerge,-0.048,-0.0707,-0.0257,True
kcenter,uniform_centroid,none,0.05,infovqa,merging,-0.0001,-0.0134,0.0143,False
kcenter,uniform_centroid,none,0.05,infovqa,coverage_response,0.0274,0.0073,0.0472,True
kcenter,uniform_centroid,none,0.05,infovqa,full_marginmerge,0.0031,-0.0141,0.0203,False
random,anchor,none,0.05,infovqa,merging,-0.0436,-0.0638,-0.0218,True
random,anchor,none,0.05,infovqa,coverage_response,-0.0161,-0.0399,0.0079,False
random,anchor,none,0.05,infovqa,full_marginmerge,-0.0404,-0.0643,-0.0181,True
random,learned,full,0.05,infovqa,merging,0.0205,0.006,0.0358,True
random,learned,full,0.05,infovqa,coverage_response,0.048,0.0304,0.0669,True
random,learned,full,0.05,infovqa,full_marginmerge,0.0237,0.0091,0.039,True
random,learned,margin,0.05,infovqa,merging,0.0203,0.005,0.0361,True
random,learned,margin,0.05,infovqa,coverage_response,0.0478,0.029,0.0678,True
random,learned,margin,0.05,infovqa,full_marginmerge,0.0236,0.0082,0.0394,True
random,learned,score_reconstruction,0.05,infovqa,merging,0.0128,-0.0028,0.0291,False
random,learned,score_reconstruction,0.05,infovqa,coverage_response,0.0403,0.0212,0.0584,True
random,learned,score_reconstruction,0.05,infovqa,full_marginmerge,0.0161,0.0016,0.0313,True
random,response_centroid,none,0.05,infovqa,merging,-0.0272,-0.0467,-0.0081,True
random,response_centroid,none,0.05,infovqa,coverage_response,0.0003,-0.021,0.0227,False
random,response_centroid,none,0.05,infovqa,full_marginmerge,-0.024,-0.0445,-0.003,True
random,uniform_centroid,none,0.05,infovqa,merging,0.0018,-0.0126,0.0157,False
random,uniform_centroid,none,0.05,infovqa,coverage_response,0.0293,0.0099,0.0488,True
random,uniform_centroid,none,0.05,infovqa,full_marginmerge,0.005,-0.0102,0.0204,False
-,full,-,0.05,tabfquad,merging,0.0211,0.0103,0.0339,True
-,full,-,0.05,tabfquad,coverage_response,0.063,0.0432,0.086,True
-,full,-,0.05,tabfquad,full_marginmerge,0.0298,0.0177,0.0426,True
-,merging,-,0.05,tabfquad,coverage_response,0.0419,0.0245,0.0601,True
-,merging,-,0.05,tabfquad,full_marginmerge,0.0087,-0.001,0.0187,False
coverage,anchor,none,0.05,tabfquad,merging,-0.0472,-0.0682,-0.0272,True
coverage,anchor,none,0.05,tabfquad,coverage_response,-0.0053,-0.0208,0.0094,False
coverage,anchor,none,0.05,tabfquad,full_marginmerge,-0.0385,-0.0618,-0.0168,True
coverage,learned,full,0.05,tabfquad,merging,-0.0087,-0.0192,0.0011,False
coverage,learned,full,0.05,tabfquad,coverage_response,0.0331,0.0144,0.0525,True
coverage,learned,margin,0.05,tabfquad,merging,-0.006,-0.0157,0.0033,False
coverage,learned,margin,0.05,tabfquad,coverage_response,0.0358,0.0171,0.0553,True
coverage,learned,margin,0.05,tabfquad,full_marginmerge,0.0027,-0.0008,0.0079,False
coverage,learned,score_reconstruction,0.05,tabfquad,merging,0.0003,-0.0114,0.0127,False
coverage,learned,score_reconstruction,0.05,tabfquad,coverage_response,0.0422,0.0211,0.0655,True
coverage,learned,score_reconstruction,0.05,tabfquad,full_marginmerge,0.0091,0.0027,0.0164,True
coverage,response_centroid,none,0.05,tabfquad,merging,-0.0419,-0.0602,-0.0251,True
coverage,response_centroid,none,0.05,tabfquad,full_marginmerge,-0.0331,-0.0525,-0.0138,True
coverage,uniform_centroid,none,0.05,tabfquad,merging,-0.0159,-0.0286,-0.0045,True
coverage,uniform_centroid,none,0.05,tabfquad,coverage_response,0.026,0.0065,0.0447,True
coverage,uniform_centroid,none,0.05,tabfquad,full_marginmerge,-0.0071,-0.015,-0.0002,True
kcenter,anchor,none,0.05,tabfquad,merging,-0.0924,-0.123,-0.0636,True
kcenter,anchor,none,0.05,tabfquad,coverage_response,-0.0506,-0.0795,-0.0196,True
kcenter,anchor,none,0.05,tabfquad,full_marginmerge,-0.0837,-0.1145,-0.0555,True
kcenter,learned,full,0.05,tabfquad,merging,0.0031,-0.0091,0.0151,False
kcenter,learned,full,0.05,tabfquad,coverage_response,0.0449,0.0263,0.0654,True
kcenter,learned,full,0.05,tabfquad,full_marginmerge,0.0118,0.0007,0.0234,True
kcenter,learned,margin,0.05,tabfquad,merging,0.0025,-0.0099,0.015,False
kcenter,learned,margin,0.05,tabfquad,coverage_response,0.0443,0.0251,0.0642,True
kcenter,learned,margin,0.05,tabfquad,full_marginmerge,0.0112,0.0009,0.0212,True
kcenter,learned,score_reconstruction,0.05,tabfquad,merging,0.0082,-0.0049,0.0228,False
kcenter,learned,score_reconstruction,0.05,tabfquad,coverage_response,0.0501,0.0293,0.0709,True
kcenter,learned,score_reconstruction,0.05,tabfquad,full_marginmerge,0.017,0.0057,0.0302,True
kcenter,response_centroid,none,0.05,tabfquad,merging,-0.0612,-0.0878,-0.0366,True
kcenter,response_centroid,none,0.05,tabfquad,coverage_response,-0.0193,-0.0449,0.0073,False
kcenter,response_centroid,none,0.05,tabfquad,full_marginmerge,-0.0525,-0.0798,-0.0281,True
kcenter,uniform_centroid,none,0.05,tabfquad,merging,-0.0035,-0.0179,0.0098,False
kcenter,uniform_centroid,none,0.05,tabfquad,coverage_response,0.0383,0.0198,0.0574,True
kcenter,uniform_centroid,none,0.05,tabfquad,full_marginmerge,0.0052,-0.0086,0.0186,False
random,anchor,none,0.05,tabfquad,merging,-0.0734,-0.1035,-0.0452,True
random,anchor,none,0.05,tabfquad,coverage_response,-0.0315,-0.0621,-0.0027,True
random,anchor,none,0.05,tabfquad,full_marginmerge,-0.0646,-0.0934,-0.0396,True
random,learned,full,0.05,tabfquad,merging,-0.0042,-0.015,0.0071,False
random,learned,full,0.05,tabfquad,coverage_response,0.0377,0.0186,0.0568,True
random,learned,full,0.05,tabfquad,full_marginmerge,0.0045,-0.005,0.0146,False
random,learned,margin,0.05,tabfquad,merging,-0.0025,-0.0135,0.0077,False
random,learned,margin,0.05,tabfquad,coverage_response,0.0394,0.0207,0.0573,True
random,learned,margin,0.05,tabfquad,full_marginmerge,0.0062,-0.0051,0.0175,False
random,learned,score_reconstruction,0.05,tabfquad,merging,-0.0047,-0.016,0.0066,False
random,learned,score_reconstruction,0.05,tabfquad,coverage_response,0.0372,0.02,0.057,True
random,learned,score_reconstruction,0.05,tabfquad,full_marginmerge,0.004,-0.0062,0.0154,False
random,response_centroid,none,0.05,tabfquad,merging,-0.0565,-0.0816,-0.0332,True
random,response_centroid,none,0.05,tabfquad,coverage_response,-0.0147,-0.0405,0.0116,False
random,response_centroid,none,0.05,tabfquad,full_marginmerge,-0.0478,-0.0698,-0.0267,True
random,uniform_centroid,none,0.05,tabfquad,merging,-0.0064,-0.0223,0.0082,False
random,uniform_centroid,none,0.05,tabfquad,coverage_response,0.0354,0.0141,0.057,True
random,uniform_centroid,none,0.05,tabfquad,full_marginmerge,0.0023,-0.0117,0.015,False
-,full,-,0.05,tatdqa,merging,0.0172,0.0103,0.0245,True
-,full,-,0.05,tatdqa,coverage_response,0.031,0.0226,0.0399,True
-,full,-,0.05,tatdqa,full_marginmerge,0.0139,0.0074,0.0208,True
-,merging,-,0.05,tatdqa,coverage_response,0.0139,0.0042,0.0237,True
-,merging,-,0.05,tatdqa,full_marginmerge,-0.0033,-0.011,0.0047,False
coverage,anchor,none,0.05,tatdqa,merging,-0.0356,-0.0468,-0.0242,True
coverage,anchor,none,0.05,tatdqa,coverage_response,-0.0218,-0.028,-0.0161,True
coverage,anchor,none,0.05,tatdqa,full_marginmerge,-0.0389,-0.048,-0.0294,True
coverage,learned,full,0.05,tatdqa,merging,0.0033,-0.0043,0.0112,False
coverage,learned,full,0.05,tatdqa,coverage_response,0.0171,0.0108,0.0238,True
coverage,learned,margin,0.05,tatdqa,merging,0.0044,-0.0028,0.0117,False
coverage,learned,margin,0.05,tatdqa,coverage_response,0.0183,0.0113,0.025,True
coverage,learned,margin,0.05,tatdqa,full_marginmerge,0.0011,-0.0006,0.0029,False
coverage,learned,score_reconstruction,0.05,tatdqa,merging,0.0061,-0.0014,0.0139,False
coverage,learned,score_reconstruction,0.05,tatdqa,coverage_response,0.0199,0.0133,0.0265,True
coverage,learned,score_reconstruction,0.05,tatdqa,full_marginmerge,0.0028,-0.0009,0.0067,False
coverage,response_centroid,none,0.05,tatdqa,merging,-0.0139,-0.0231,-0.0042,True
coverage,response_centroid,none,0.05,tatdqa,full_marginmerge,-0.0171,-0.0238,-0.0106,True
coverage,uniform_centroid,none,0.05,tatdqa,merging,0.0028,-0.0051,0.0103,False
coverage,uniform_centroid,none,0.05,tatdqa,coverage_response,0.0167,0.0095,0.0236,True
coverage,uniform_centroid,none,0.05,tatdqa,full_marginmerge,-0.0004,-0.005,0.0042,False
kcenter,anchor,none,0.05,tatdqa,merging,-0.02,-0.0303,-0.0099,True
kcenter,anchor,none,0.05,tatdqa,coverage_response,-0.0061,-0.0174,0.0048,False
kcenter,anchor,none,0.05,tatdqa,full_marginmerge,-0.0232,-0.0335,-0.013,True
kcenter,learned,full,0.05,tatdqa,merging,0.0069,-0.0003,0.0139,False
kcenter,learned,full,0.05,tatdqa,coverage_response,0.0207,0.0122,0.0295,True
kcenter,learned,full,0.05,tatdqa,full_marginmerge,0.0036,-0.0026,0.0099,False
kcenter,learned,margin,0.05,tatdqa,merging,0.0071,-0.0002,0.014,False
kcenter,learned,margin,0.05,tatdqa,coverage_response,0.021,0.0123,0.0295,True
kcenter,learned,margin,0.05,tatdqa,full_marginmerge,0.0039,-0.0022,0.0102,False
kcenter,learned,score_reconstruction,0.05,tatdqa,merging,0.0086,0.0018,0.0157,True
kcenter,learned,score_reconstruction,0.05,tatdqa,coverage_response,0.0225,0.0136,0.0318,True
kcenter,learned,score_reconstruction,0.05,tatdqa,full_marginmerge,0.0054,-0.0012,0.0124,False
kcenter,response_centroid,none,0.05,tatdqa,merging,0.0037,-0.0039,0.0121,False
kcenter,response_centroid,none,0.05,tatdqa,coverage_response,0.0176,0.0081,0.0271,True
kcenter,response_centroid,none,0.05,tatdqa,full_marginmerge,0.0005,-0.0076,0.0087,False
kcenter,uniform_centroid,none,0.05,tatdqa,merging,0.006,-0.0014,0.0134,False
kcenter,uniform_centroid,none,0.05,tatdqa,coverage_response,0.0199,0.0106,0.0291,True
kcenter,uniform_centroid,none,0.05,tatdqa,full_marginmerge,0.0027,-0.0054,0.0102,False
random,anchor,none,0.05,tatdqa,merging,-0.0379,-0.0483,-0.0279,True
random,anchor,none,0.05,tatdqa,coverage_response,-0.024,-0.0355,-0.0121,True
random,anchor,none,0.05,tatdqa,full_marginmerge,-0.0411,-0.0518,-0.0303,True
random,learned,full,0.05,tatdqa,merging,0.007,-0.0005,0.0145,False
random,learned,full,0.05,tatdqa,coverage_response,0.0209,0.0118,0.03,True
random,learned,full,0.05,tatdqa,full_marginmerge,0.0037,-0.003,0.0108,False
random,learned,margin,0.05,tatdqa,merging,0.0073,-0.0007,0.0149,False
random,learned,margin,0.05,tatdqa,coverage_response,0.0212,0.012,0.0302,True
random,learned,margin,0.05,tatdqa,full_marginmerge,0.0041,-0.003,0.0111,False
random,learned,score_reconstruction,0.05,tatdqa,merging,0.0113,0.004,0.0187,True
random,learned,score_reconstruction,0.05,tatdqa,coverage_response,0.0251,0.0164,0.0342,True
random,learned,score_reconstruction,0.05,tatdqa,full_marginmerge,0.008,0.0011,0.0148,True
random,response_centroid,none,0.05,tatdqa,merging,-0.0149,-0.024,-0.0056,True
random,response_centroid,none,0.05,tatdqa,coverage_response,-0.001,-0.0115,0.0095,False
random,response_centroid,none,0.05,tatdqa,full_marginmerge,-0.0181,-0.0276,-0.0086,True
random,uniform_centroid,none,0.05,tatdqa,merging,-0.001,-0.0094,0.0075,False
random,uniform_centroid,none,0.05,tatdqa,coverage_response,0.0129,0.0032,0.0229,True
random,uniform_centroid,none,0.05,tatdqa,full_marginmerge,-0.0042,-0.0124,0.0037,False
-,full,-,0.1,arxivqa,merging,0.0218,0.0137,0.0309,True
-,full,-,0.1,arxivqa,coverage_response,0.022,0.0103,0.0361,True
-,full,-,0.1,arxivqa,full_marginmerge,0.0091,-0.0007,0.0199,False
-,merging,-,0.1,arxivqa,coverage_response,0.0002,-0.0155,0.017,False
-,merging,-,0.1,arxivqa,full_marginmerge,-0.0127,-0.0262,0.0005,False
coverage,anchor,none,0.1,arxivqa,merging,-0.0056,-0.0219,0.0107,False
coverage,anchor,none,0.1,arxivqa,coverage_response,-0.0054,-0.01,-0.0018,True
coverage,anchor,none,0.1,arxivqa,full_marginmerge,-0.0183,-0.0294,-0.0088,True
coverage,learned,full,0.1,arxivqa,merging,0.0127,-0.0007,0.0266,False
coverage,learned,full,0.1,arxivqa,coverage_response,0.0129,0.0051,0.0218,True
coverage,learned,margin,0.1,arxivqa,merging,0.0127,-0.0003,0.0262,False
coverage,learned,margin,0.1,arxivqa,coverage_response,0.0129,0.0051,0.022,True
coverage,learned,margin,0.1,arxivqa,full_marginmerge,0.0,-0.0009,0.0009,False
coverage,learned,score_reconstruction,0.1,arxivqa,merging,0.0108,-0.0013,0.0234,False
coverage,learned,score_reconstruction,0.1,arxivqa,coverage_response,0.011,0.0023,0.0212,True
coverage,learned,score_reconstruction,0.1,arxivqa,full_marginmerge,-0.0019,-0.0062,0.0021,False
coverage,response_centroid,none,0.1,arxivqa,merging,-0.0002,-0.0157,0.0155,False
coverage,response_centroid,none,0.1,arxivqa,full_marginmerge,-0.0129,-0.0225,-0.0055,True
coverage,uniform_centroid,none,0.1,arxivqa,merging,0.0105,-0.0008,0.0232,False
coverage,uniform_centroid,none,0.1,arxivqa,coverage_response,0.0108,0.0024,0.0203,True
coverage,uniform_centroid,none,0.1,arxivqa,full_marginmerge,-0.0022,-0.0066,0.0021,False
kcenter,anchor,none,0.1,arxivqa,merging,-0.0161,-0.0296,-0.003,True
kcenter,anchor,none,0.1,arxivqa,coverage_response,-0.0159,-0.033,0.0021,False
kcenter,anchor,none,0.1,arxivqa,full_marginmerge,-0.0288,-0.0439,-0.0133,True
kcenter,learned,full,0.1,arxivqa,merging,0.0104,-0.0014,0.0238,False
kcenter,learned,full,0.1,arxivqa,coverage_response,0.0107,-0.0008,0.023,False
kcenter,learned,full,0.1,arxivqa,full_marginmerge,-0.0023,-0.0105,0.0064,False
kcenter,learned,margin,0.1,arxivqa,merging,0.0116,-0.0,0.0231,False
kcenter,learned,margin,0.1,arxivqa,coverage_response,0.0119,-0.0008,0.0252,False
kcenter,learned,margin,0.1,arxivqa,full_marginmerge,-0.0011,-0.0097,0.0072,False
kcenter,learned,score_reconstruction,0.1,arxivqa,merging,0.0125,-0.0008,0.0261,False
kcenter,learned,score_reconstruction,0.1,arxivqa,coverage_response,0.0127,0.0019,0.0242,True
kcenter,learned,score_reconstruction,0.1,arxivqa,full_marginmerge,-0.0002,-0.0077,0.0077,False
kcenter,response_centroid,none,0.1,arxivqa,merging,0.0099,-0.0002,0.0209,False
kcenter,response_centroid,none,0.1,arxivqa,coverage_response,0.0101,-0.0047,0.0252,False
kcenter,response_centroid,none,0.1,arxivqa,full_marginmerge,-0.0028,-0.0156,0.0102,False
kcenter,uniform_centroid,none,0.1,arxivqa,merging,0.0081,-0.003,0.0193,False
kcenter,uniform_centroid,none,0.1,arxivqa,coverage_response,0.0083,-0.0051,0.0224,False
kcenter,uniform_centroid,none,0.1,arxivqa,full_marginmerge,-0.0046,-0.0151,0.0062,False
random,anchor,none,0.1,arxivqa,merging,-0.035,-0.0516,-0.0173,True
random,anchor,none,0.1,arxivqa,coverage_response,-0.0348,-0.0536,-0.0179,True
random,anchor,none,0.1,arxivqa,full_marginmerge,-0.0477,-0.0645,-0.0323,True
random,learned,full,0.1,arxivqa,merging,0.011,0.0008,0.0215,True
random,learned,full,0.1,arxivqa,coverage_response,0.0112,0.0001,0.023,True
random,learned,full,0.1,arxivqa,full_marginmerge,-0.0017,-0.01,0.007,False
random,learned,margin,0.1,arxivqa,merging,0.0103,-0.0006,0.0207,False
random,learned,margin,0.1,arxivqa,coverage_response,0.0105,-0.0008,0.0226,False
random,learned,margin,0.1,arxivqa,full_marginmerge,-0.0024,-0.0111,0.0064,False
random,learned,score_reconstruction,0.1,arxivqa,merging,0.0126,0.0023,0.0246,True
random,learned,score_reconstruction,0.1,arxivqa,coverage_response,0.0128,0.0011,0.0256,True
random,learned,score_reconstruction,0.1,arxivqa,full_marginmerge,-0.0001,-0.0086,0.0082,False
random,response_centroid,none,0.1,arxivqa,merging,-0.0224,-0.0393,-0.0058,True
random,response_centroid,none,0.1,arxivqa,coverage_response,-0.0222,-0.0403,-0.005,True
random,response_centroid,none,0.1,arxivqa,full_marginmerge,-0.0351,-0.0503,-0.0203,True
random,uniform_centroid,none,0.1,arxivqa,merging,0.0001,-0.0136,0.0141,False
random,uniform_centroid,none,0.1,arxivqa,coverage_response,0.0003,-0.0124,0.014,False
random,uniform_centroid,none,0.1,arxivqa,full_marginmerge,-0.0126,-0.0234,-0.0025,True
-,full,-,0.1,docvqa,merging,0.0388,0.0177,0.0615,True
-,full,-,0.1,docvqa,coverage_response,0.034,0.0175,0.0524,True
-,full,-,0.1,docvqa,full_marginmerge,0.0012,-0.0118,0.0141,False
-,merging,-,0.1,docvqa,coverage_response,-0.0049,-0.033,0.0215,False
-,merging,-,0.1,docvqa,full_marginmerge,-0.0376,-0.0598,-0.0162,True
coverage,anchor,none,0.1,docvqa,merging,-0.027,-0.0572,0.0039,False
coverage,anchor,none,0.1,docvqa,coverage_response,-0.0318,-0.046,-0.0184,True
coverage,anchor,none,0.1,docvqa,full_marginmerge,-0.0646,-0.0878,-0.0435,True
coverage,learned,full,0.1,docvqa,merging,0.0376,0.0154,0.0603,True
coverage,learned,full,0.1,docvqa,coverage_response,0.0328,0.0183,0.0475,True
coverage,learned,margin,0.1,docvqa,merging,0.0363,0.0145,0.0596,True
coverage,learned,margin,0.1,docvqa,coverage_response,0.0314,0.0174,0.0455,True
coverage,learned,margin,0.1,docvqa,full_marginmerge,-0.0014,-0.0052,0.0023,False
coverage,learned,score_reconstruction,0.1,docvqa,merging,0.0377,0.0148,0.0616,True
coverage,learned,score_reconstruction,0.1,docvqa,coverage_response,0.0328,0.0182,0.0483,True
coverage,learned,score_reconstruction,0.1,docvqa,full_marginmerge,0.0001,-0.0091,0.0088,False
coverage,response_centroid,none,0.1,docvqa,merging,0.0049,-0.0206,0.0307,False
coverage,response_centroid,none,0.1,docvqa,full_marginmerge,-0.0328,-0.0478,-0.0183,True
coverage,uniform_centroid,none,0.1,docvqa,merging,0.046,0.0237,0.0689,True
coverage,uniform_centroid,none,0.1,docvqa,coverage_response,0.0411,0.0241,0.0595,True
coverage,uniform_centroid,none,0.1,docvqa,full_marginmerge,0.0084,-0.0032,0.0205,False
kcenter,anchor,none,0.1,docvqa,merging,-0.0081,-0.0328,0.0167,False
kcenter,anchor,none,0.1,docvqa,coverage_response,-0.0129,-0.0378,0.0122,False
kcenter,anchor,none,0.1,docvqa,full_marginmerge,-0.0457,-0.0712,-0.0204,True
kcenter,learned,full,0.1,docvqa,merging,0.0359,0.0125,0.06,True
kcenter,learned,full,0.1,docvqa,coverage_response,0.0311,0.0127,0.0501,True
kcenter,learned,full,0.1,docvqa,full_marginmerge,-0.0017,-0.0179,0.0158,False
kcenter,learned,margin,0.1,docvqa,merging,0.0349,0.0122,0.0585,True
kcenter,learned,margin,0.1,docvqa,coverage_response,0.03,0.0109,0.0497,True
kcenter,learned,margin,0.1,docvqa,full_marginmerge,-0.0027,-0.0207,0.0145,False
kcenter,learned,score_reconstruction,0.1,docvqa,merging,0.0336,0.0105,0.0563,True
kcenter,learned,score_reconstruction,0.1,docvqa,coverage_response,0.0287,0.0102,0.0486,True
kcenter,learned,score_reconstruction,0.1,docvqa,full_marginmerge,-0.0041,-0.0195,0.0113,False
kcenter,response_centroid,none,0.1,docvqa,merging,0.0223,-0.0003,0.0457,False
kcenter,response_centroid,none,0.1,docvqa,coverage_response,0.0175,-0.0029,0.0391,False
kcenter,response_centroid,none,0.1,docvqa,full_marginmerge,-0.0153,-0.0358,0.0041,False
kcenter,uniform_centroid,none,0.1,docvqa,merging,0.0072,-0.0134,0.0299,False
kcenter,uniform_centroid,none,0.1,docvqa,coverage_response,0.0024,-0.019,0.0246,False
kcenter,uniform_centroid,none,0.1,docvqa,full_marginmerge,-0.0304,-0.0502,-0.0114,True
random,anchor,none,0.1,docvqa,merging,-0.0152,-0.0396,0.0075,False
random,anchor,none,0.1,docvqa,coverage_response,-0.02,-0.0442,0.0034,False
random,anchor,none,0.1,docvqa,full_marginmerge,-0.0528,-0.0775,-0.0291,True
random,learned,full,0.1,docvqa,merging,0.0258,0.0046,0.0472,True
random,learned,full,0.1,docvqa,coverage_response,0.021,0.002,0.0397,True
random,learned,full,0.1,docvqa,full_marginmerge,-0.0118,-0.0278,0.0047,False
random,learned,margin,0.1,docvqa,merging,0.0297,0.0091,0.0524,True
random,learned,margin,0.1,docvqa,coverage_response,0.0248,0.0068,0.0447,True
random,learned,margin,0.1,docvqa,full_marginmerge,-0.0079,-0.0227,0.0069,False
random,learned,score_reconstruction,0.1,docvqa,merging,0.0317,0.0104,0.0542,True
random,learned,score_reconstruction,0.1,docvqa,coverage_response,0.0269,0.0113,0.0438,True
random,learned,score_reconstruction,0.1,docvqa,full_marginmerge,-0.0059,-0.0205,0.007,False
random,response_centroid,none,0.1,docvqa,merging,0.0031,-0.0191,0.0267,False
random,response_centroid,none,0.1,docvqa,coverage_response,-0.0018,-0.026,0.0217,False
random,response_centroid,none,0.1,docvqa,full_marginmerge,-0.0345,-0.0569,-0.0119,True
random,uniform_centroid,none,0.1,docvqa,merging,0.01,-0.0103,0.031,False
random,uniform_centroid,none,0.1,docvqa,coverage_response,0.0052,-0.0164,0.0267,False
random,uniform_centroid,none,0.1,docvqa,full_marginmerge,-0.0276,-0.0486,-0.0065,True
-,full,-,0.1,flickr,merging,0.0583,0.0453,0.0711,True
-,full,-,0.1,flickr,coverage_response,0.0406,0.0293,0.0518,True
-,full,-,0.1,flickr,full_marginmerge,0.0157,0.0075,0.0243,True
-,merging,-,0.1,flickr,coverage_response,-0.0177,-0.0334,-0.0009,True
-,merging,-,0.1,flickr,full_marginmerge,-0.0426,-0.057,-0.028,True
coverage,anchor,none,0.1,flickr,merging,-0.0108,-0.0273,0.0063,False
coverage,anchor,none,0.1,flickr,coverage_response,-0.0285,-0.0377,-0.0199,True
coverage,anchor,none,0.1,flickr,full_marginmerge,-0.0535,-0.0662,-0.041,True
coverage,learned,full,0.1,flickr,merging,0.0426,0.0288,0.0574,True
coverage,learned,full,0.1,flickr,coverage_response,0.025,0.015,0.0352,True
coverage,learned,margin,0.1,flickr,merging,0.0441,0.0305,0.0586,True
coverage,learned,margin,0.1,flickr,coverage_response,0.0265,0.0164,0.0362,True
coverage,learned,margin,0.1,flickr,full_marginmerge,0.0015,-0.0009,0.004,False
coverage,learned,score_reconstruction,0.1,flickr,merging,0.0437,0.0277,0.0585,True
coverage,learned,score_reconstruction,0.1,flickr,coverage_response,0.026,0.0172,0.0356,True
coverage,learned,score_reconstruction,0.1,flickr,full_marginmerge,0.001,-0.0047,0.0069,False
coverage,response_centroid,none,0.1,flickr,merging,0.0177,0.001,0.0336,True
coverage,response_centroid,none,0.1,flickr,full_marginmerge,-0.025,-0.0351,-0.015,True
coverage,uniform_centroid,none,0.1,flickr,merging,0.02,0.0053,0.0338,True
coverage,uniform_centroid,none,0.1,flickr,coverage_response,0.0023,-0.0097,0.0138,False
coverage,uniform_centroid,none,0.1,flickr,full_marginmerge,-0.0226,-0.0314,-0.0145,True
kcenter,anchor,none,0.1,flickr,merging,-0.1212,-0.1421,-0.1009,True
kcenter,anchor,none,0.1,flickr,coverage_response,-0.1388,-0.1599,-0.1175,True
kcenter,anchor,none,0.1,flickr,full_marginmerge,-0.1638,-0.1851,-0.1419,True
kcenter,learned,full,0.1,flickr,merging,0.0399,0.0279,0.0526,True
kcenter,learned,full,0.1,flickr,coverage_response,0.0222,0.0112,0.0332,True
kcenter,learned,full,0.1,flickr,full_marginmerge,-0.0027,-0.0128,0.0068,False
kcenter,learned,margin,0.1,flickr,merging,0.0396,0.0276,0.0519,True
kcenter,learned,margin,0.1,flickr,coverage_response,0.0219,0.0109,0.0328,True
kcenter,learned,margin,0.1,flickr,full_marginmerge,-0.0031,-0.0124,0.0068,False
kcenter,learned,score_reconstruction,0.1,flickr,merging,0.0424,0.0288,0.0552,True
kcenter,learned,score_reconstruction,0.1,flickr,coverage_response,0.0248,0.0149,0.0349,True
kcenter,learned,score_reconstruction,0.1,flickr,full_marginmerge,-0.0002,-0.0094,0.0087,False
kcenter,response_centroid,none,0.1,flickr,merging,-0.0398,-0.0559,-0.0235,True
kcenter,response_centroid,none,0.1,flickr,coverage_response,-0.0575,-0.0746,-0.0399,True
kcenter,response_centroid,none,0.1,flickr,full_marginmerge,-0.0824,-0.1004,-0.0656,True
kcenter,uniform_centroid,none,0.1,flickr,merging,0.0342,0.0224,0.0463,True
kcenter,uniform_centroid,none,0.1,flickr,coverage_response,0.0165,0.0038,0.0285,True
kcenter,uniform_centroid,none,0.1,flickr,full_marginmerge,-0.0084,-0.0198,0.0026,False
random,anchor,none,0.1,flickr,merging,-0.1675,-0.1917,-0.1444,True
random,anchor,none,0.1,flickr,coverage_response,-0.1851,-0.2084,-0.1605,True
random,anchor,none,0.1,flickr,full_marginmerge,-0.2101,-0.235,-0.1866,True
random,learned,full,0.1,flickr,merging,0.0256,0.0109,0.0406,True
random,learned,full,0.1,flickr,coverage_response,0.0079,-0.0048,0.0202,False
random,learned,full,0.1,flickr,full_marginmerge,-0.017,-0.0283,-0.0063,True
random,learned,margin,0.1,flickr,merging,0.0179,0.0026,0.0343,True
random,learned,margin,0.1,flickr,coverage_response,0.0002,-0.0131,0.0137,False
random,learned,margin,0.1,flickr,full_marginmerge,-0.0247,-0.0369,-0.0133,True
random,learned,score_reconstruction,0.1,flickr,merging,0.0319,0.0175,0.0475,True
random,learned,score_reconstruction,0.1,flickr,coverage_response,0.0142,0.0017,0.0262,True
random,learned,score_reconstruction,0.1,flickr,full_marginmerge,-0.0107,-0.0217,0.0008,False
random,response_centroid,none,0.1,flickr,merging,-0.1121,-0.1348,-0.0912,True
random,response_centroid,none,0.1,flickr,coverage_response,-0.1297,-0.1519,-0.1082,True
random,response_centroid,none,0.1,flickr,full_marginmerge,-0.1547,-0.1761,-0.1344,True
random,uniform_centroid,none,0.1,flickr,merging,-0.0155,-0.032,0.0002,False
random,uniform_centroid,none,0.1,flickr,coverage_response,-0.0331,-0.0497,-0.0178,True
random,uniform_centroid,none,0.1,flickr,full_marginmerge,-0.0581,-0.0724,-0.0436,True
-,full,-,0.1,infovqa,merging,0.0186,0.0067,0.0307,True
-,full,-,0.1,infovqa,coverage_response,0.0376,0.0214,0.0559,True
-,full,-,0.1,infovqa,full_marginmerge,0.0022,-0.0043,0.0106,False
-,merging,-,0.1,infovqa,coverage_response,0.019,0.0008,0.0359,True
-,merging,-,0.1,infovqa,full_marginmerge,-0.0164,-0.0296,-0.0059,True
coverage,anchor,none,0.1,infovqa,merging,-0.033,-0.0548,-0.012,True
coverage,anchor,none,0.1,infovqa,coverage_response,-0.014,-0.0232,-0.0058,True
coverage,anchor,none,0.1,infovqa,full_marginmerge,-0.0494,-0.0691,-0.0308,True
coverage,learned,full,0.1,infovqa,merging,0.0164,0.0054,0.0286,True
coverage,learned,full,0.1,infovqa,coverage_response,0.0354,0.022,0.0501,True
coverage,learned,margin,0.1,infovqa,merging,0.0163,0.0054,0.0277,True
coverage,learned,margin,0.1,infovqa,coverage_response,0.0353,0.0218,0.0511,True
coverage,learned,margin,0.1,infovqa,full_marginmerge,-0.0001,-0.0025,0.0028,False
coverage,learned,score_reconstruction,0.1,infovqa,merging,0.0209,0.0089,0.0335,True
coverage,learned,score_reconstruction,0.1,infovqa,coverage_response,0.0399,0.0264,0.0554,True
coverage,learned,score_reconstruction,0.1,infovqa,full_marginmerge,0.0045,-0.0002,0.0097,False
coverage,response_centroid,none,0.1,infovqa,merging,-0.019,-0.0364,-0.0014,True
coverage,response_centroid,none,0.1,infovqa,full_marginmerge,-0.0354,-0.0492,-0.0215,True
coverage,uniform_centroid,none,0.1,infovqa,merging,0.0143,0.0022,0.0279,True
coverage,uniform_centroid,none,0.1,infovqa,coverage_response,0.0333,0.0209,0.0459,True
coverage,uniform_centroid,none,0.1,infovqa,full_marginmerge,-0.0021,-0.0096,0.0048,False
kcenter,anchor,none,0.1,infovqa,merging,-0.0518,-0.0706,-0.0351,True
kcenter,anchor,none,0.1,infovqa,coverage_response,-0.0328,-0.053,-0.0132,True
kcenter,anchor,none,0.1,infovqa,full_marginmerge,-0.0682,-0.0894,-0.0482,True
kcenter,learned,full,0.1,infovqa,merging,0.003,-0.0068,0.0125,False
kcenter,learned,full,0.1,infovqa,coverage_response,0.022,0.0058,0.039,True
kcenter,learned,full,0.1,infovqa,full_marginmerge,-0.0134,-0.0238,-0.0043,True
kcenter,learned,margin,0.1,infovqa,merging,0.0035,-0.0056,0.0135,False
kcenter,learned,margin,0.1,infovqa,coverage_response,0.0225,0.0078,0.0394,True
kcenter,learned,margin,0.1,infovqa,full_marginmerge,-0.0129,-0.023,-0.0045,True
kcenter,learned,score_reconstruction,0.1,infovqa,merging,0.0061,-0.0052,0.0173,False
kcenter,learned,score_reconstruction,0.1,infovqa,coverage_response,0.0251,0.0101,0.0402,True
kcenter,learned,score_reconstruction,0.1,infovqa,full_marginmerge,-0.0103,-0.0186,-0.002,True
kcenter,response_centroid,none,0.1,infovqa,merging,-0.0172,-0.0309,-0.0036,True
kcenter,response_centroid,none,0.1,infovqa,coverage_response,0.0018,-0.0155,0.0184,False
kcenter,response_centroid,none,0.1,infovqa,full_marginmerge,-0.0336,-0.0495,-0.0181,True
kcenter,uniform_centroid,none,0.1,infovqa,merging,0.0029,-0.0059,0.0114,False
kcenter,uniform_centroid,none,0.1,infovqa,coverage_response,0.0219,0.0048,0.0384,True
kcenter,uniform_centroid,none,0.1,infovqa,full_marginmerge,-0.0135,-0.0257,-0.0033,True
random,anchor,none,0.1,infovqa,merging,-0.0232,-0.0368,-0.0105,True
random,anchor,none,0.1,infovqa,coverage_response,-0.0042,-0.0223,0.014,False
random,anchor,none,0.1,infovqa,full_marginmerge,-0.0396,-0.0572,-0.0241,True
random,learned,full,0.1,infovqa,merging,0.0171,0.007,0.0278,True
random,learned,full,0.1,infovqa,coverage_response,0.0361,0.0204,0.0531,True
random,learned,full,0.1,infovqa,full_marginmerge,0.0007,-0.0078,0.0095,False
random,learned,margin,0.1,infovqa,merging,0.016,0.0061,0.0258,True
random,learned,margin,0.1,infovqa,coverage_response,0.035,0.0194,0.0523,True
random,learned,margin,0.1,infovqa,full_marginmerge,-0.0004,-0.0091,0.0083,False
random,learned,score_reconstruction,0.1,infovqa,merging,0.0068,-0.004,0.0181,False
random,learned,score_reconstruction,0.1,infovqa,coverage_response,0.0258,0.0107,0.0415,True
random,learned,score_reconstruction,0.1,infovqa,full_marginmerge,-0.0096,-0.0193,-0.0002,True
random,response_centroid,none,0.1,infovqa,merging,-0.0099,-0.0226,0.0028,False
random,response_centroid,none,0.1,infovqa,coverage_response,0.0091,-0.0075,0.0266,False
random,response_centroid,none,0.1,infovqa,full_marginmerge,-0.0263,-0.0414,-0.012,True
random,uniform_centroid,none,0.1,infovqa,merging,0.0032,-0.0073,0.0135,False
random,uniform_centroid,none,0.1,infovqa,coverage_response,0.0222,0.0055,0.0396,True
random,uniform_centroid,none,0.1,infovqa,full_marginmerge,-0.0132,-0.026,-0.0013,True
-,full,-,0.1,tabfquad,merging,0.0153,0.0063,0.0256,True
-,full,-,0.1,tabfquad,coverage_response,0.0208,0.0107,0.0322,True
-,full,-,0.1,tabfquad,full_marginmerge,0.0125,0.0051,0.0212,True
-,merging,-,0.1,tabfquad,coverage_response,0.0055,-0.0047,0.0157,False
-,merging,-,0.1,tabfquad,full_marginmerge,-0.0027,-0.0138,0.0082,False
coverage,anchor,none,0.1,tabfquad,merging,-0.0058,-0.0154,0.0046,False
coverage,anchor,none,0.1,tabfquad,coverage_response,-0.0003,-0.0015,0.0007,False
coverage,anchor,none,0.1,tabfquad,full_marginmerge,-0.0085,-0.0192,0.002,False
coverage,learned,full,0.1,tabfquad,merging,0.0027,-0.0084,0.0138,False
coverage,learned,full,0.1,tabfquad,coverage_response,0.0082,-0.0016,0.0192,False
coverage,learned,margin,0.1,tabfquad,merging,0.0032,-0.0071,0.0141,False
coverage,learned,margin,0.1,tabfquad,coverage_response,0.0087,-0.001,0.0193,False
coverage,learned,margin,0.1,tabfquad,full_marginmerge,0.0005,0.0,0.0016,False
coverage,learned,score_reconstruction,0.1,tabfquad,merging,0.006,-0.0019,0.0159,False
coverage,learned,score_reconstruction,0.1,tabfquad,coverage_response,0.0115,0.0036,0.0209,True
coverage,learned,score_reconstruction,0.1,tabfquad,full_marginmerge,0.0033,-0.003,0.0105,False
coverage,response_centroid,none,0.1,tabfquad,merging,-0.0055,-0.0155,0.0053,False
coverage,response_centroid,none,0.1,tabfquad,full_marginmerge,-0.0082,-0.0189,0.0022,False
coverage,uniform_centroid,none,0.1,tabfquad,merging,0.0037,-0.0062,0.0138,False
coverage,uniform_centroid,none,0.1,tabfquad,coverage_response,0.0092,-0.0015,0.0206,False
coverage,uniform_centroid,none,0.1,tabfquad,full_marginmerge,0.0009,-0.0071,0.009,False
kcenter,anchor,none,0.1,tabfquad,merging,-0.0185,-0.0383,0.0031,False
kcenter,anchor,none,0.1,tabfquad,coverage_response,-0.013,-0.0297,0.004,False
kcenter,anchor,none,0.1,tabfquad,full_marginmerge,-0.0212,-0.0388,-0.0031,True
kcenter,learned,full,0.1,tabfquad,merging,0.0099,-0.0043,0.0269,False
kcenter,learned,full,0.1,tabfquad,coverage_response,0.0154,0.0035,0.0293,True
kcenter,learned,full,0.1,tabfquad,full_marginmerge,0.0072,-0.0009,0.0166,False
kcenter,learned,margin,0.1,tabfquad,merging,0.0066,-0.0079,0.0243,False
kcenter,learned,margin,0.1,tabfquad,coverage_response,0.0121,-0.0001,0.025,False
kcenter,learned,margin,0.1,tabfquad,full_marginmerge,0.0038,-0.0044,0.0134,False
kcenter,learned,score_reconstruction,0.1,tabfquad,merging,0.0117,-0.0022,0.0279,False
kcenter,learned,score_reconstruction,0.1,tabfquad,coverage_response,0.0172,0.0056,0.0308,True
kcenter,learned,score_reconstruction,0.1,tabfquad,full_marginmerge,0.009,0.0006,0.018,True
kcenter,response_centroid,none,0.1,tabfquad,merging,-0.0072,-0.0247,0.0115,False
kcenter,response_centroid,none,0.1,tabfquad,coverage_response,-0.0017,-0.016,0.0128,False
kcenter,response_centroid,none,0.1,tabfquad,full_marginmerge,-0.0099,-0.0248,0.0048,False
kcenter,uniform_centroid,none,0.1,tabfquad,merging,0.0051,-0.0107,0.0245,False
kcenter,uniform_centroid,none,0.1,tabfquad,coverage_response,0.0106,-0.0043,0.0262,False
kcenter,uniform_centroid,none,0.1,tabfquad,full_marginmerge,0.0024,-0.0083,0.0137,False
random,anchor,none,0.1,tabfquad,merging,-0.0195,-0.0375,-0.0014,True
random,anchor,none,0.1,tabfquad,coverage_response,-0.014,-0.0326,0.0043,False
random,anchor,none,0.1,tabfquad,full_marginmerge,-0.0222,-0.0401,-0.0056,True
random,learned,full,0.1,tabfquad,merging,0.0126,0.0037,0.0242,True
random,learned,full,0.1,tabfquad,coverage_response,0.0181,0.0082,0.0298,True
random,learned,full,0.1,tabfquad,full_marginmerge,0.0099,0.0024,0.0192,True
random,learned,margin,0.1,tabfquad,merging,0.0122,0.0031,0.024,True
random,learned,margin,0.1,tabfquad,coverage_response,0.0177,0.0072,0.029,True
random,learned,margin,0.1,tabfquad,full_marginmerge,0.0095,0.0018,0.0192,True
random,learned,score_reconstruction,0.1,tabfquad,merging,0.0123,0.002,0.0246,True
random,learned,score_reconstruction,0.1,tabfquad,coverage_response,0.0178,0.0075,0.0296,True
random,learned,score_reconstruction,0.1,tabfquad,full_marginmerge,0.0095,0.0019,0.019,True
random,response_centroid,none,0.1,tabfquad,merging,-0.0113,-0.0292,0.0043,False
random,response_centroid,none,0.1,tabfquad,coverage_response,-0.0058,-0.0224,0.0102,False
random,response_centroid,none,0.1,tabfquad,full_marginmerge,-0.014,-0.0304,0.001,False
random,uniform_centroid,none,0.1,tabfquad,merging,0.0103,-0.0001,0.0229,False
random,uniform_centroid,none,0.1,tabfquad,coverage_response,0.0158,0.0039,0.0282,True
random,uniform_centroid,none,0.1,tabfquad,full_marginmerge,0.0076,-0.0032,0.0188,False
-,full,-,0.1,tatdqa,merging,0.0118,0.0052,0.0185,True
-,full,-,0.1,tatdqa,coverage_response,0.0242,0.0159,0.032,True
-,full,-,0.1,tatdqa,full_marginmerge,0.0094,0.0034,0.0158,True
-,merging,-,0.1,tatdqa,coverage_response,0.0123,0.0027,0.0222,True
-,merging,-,0.1,tatdqa,full_marginmerge,-0.0025,-0.0104,0.0052,False
coverage,anchor,none,0.1,tatdqa,merging,-0.04,-0.0513,-0.0292,True
coverage,anchor,none,0.1,tatdqa,coverage_response,-0.0277,-0.0341,-0.0212,True
coverage,anchor,none,0.1,tatdqa,full_marginmerge,-0.0425,-0.0512,-0.0339,True
coverage,learned,full,0.1,tatdqa,merging,0.0025,-0.0054,0.0102,False
coverage,learned,full,0.1,tatdqa,coverage_response,0.0148,0.0088,0.0212,True
coverage,learned,margin,0.1,tatdqa,merging,0.0034,-0.0044,0.0116,False
coverage,learned,margin,0.1,tatdqa,coverage_response,0.0157,0.0095,0.0219,True
coverage,learned,margin,0.1,tatdqa,full_marginmerge,0.0009,-0.0008,0.0026,False
coverage,learned,score_reconstruction,0.1,tatdqa,merging,0.0063,-0.0014,0.0139,False
coverage,learned,score_reconstruction,0.1,tatdqa,coverage_response,0.0187,0.0122,0.0249,True
coverage,learned,score_reconstruction,0.1,tatdqa,full_marginmerge,0.0039,0.0004,0.0077,False
coverage,response_centroid,none,0.1,tatdqa,merging,-0.0123,-0.0223,-0.0034,True
coverage,response_centroid,none,0.1,tatdqa,full_marginmerge,-0.0148,-0.021,-0.0086,True
coverage,uniform_centroid,none,0.1,tatdqa,merging,0.0013,-0.0066,0.01,False
coverage,uniform_centroid,none,0.1,tatdqa,coverage_response,0.0137,0.0072,0.0204,True
coverage,uniform_centroid,none,0.1,tatdqa,full_marginmerge,-0.0011,-0.0045,0.0021,False
kcenter,anchor,none,0.1,tatdqa,merging,-0.0064,-0.0155,0.0023,False
kcenter,anchor,none,0.1,tatdqa,coverage_response,0.0059,-0.0032,0.0156,False
kcenter,anchor,none,0.1,tatdqa,full_marginmerge,-0.0089,-0.017,-0.0002,True
kcenter,learned,full,0.1,tatdqa,merging,0.0085,0.0018,0.0151,True
kcenter,learned,full,0.1,tatdqa,coverage_response,0.0209,0.0132,0.0291,True
kcenter,learned,full,0.1,tatdqa,full_marginmerge,0.0061,0.0001,0.0123,True
kcenter,learned,margin,0.1,tatdqa,merging,0.0066,-0.0002,0.0128,False
kcenter,learned,margin,0.1,tatdqa,coverage_response,0.0189,0.0111,0.027,True
kcenter,learned,margin,0.1,tatdqa,full_marginmerge,0.0041,-0.0018,0.01,False
kcenter,learned,score_reconstruction,0.1,tatdqa,merging,0.0073,0.0002,0.0144,True
kcenter,learned,score_reconstruction,0.1,tatdqa,coverage_response,0.0196,0.0115,0.0277,True
kcenter,learned,score_reconstruction,0.1,tatdqa,full_marginmerge,0.0048,-0.0013,0.0107,False
kcenter,response_centroid,none,0.1,tatdqa,merging,0.009,0.0015,0.0162,True
kcenter,response_centroid,none,0.1,tatdqa,coverage_response,0.0213,0.0133,0.0298,True
kcenter,response_centroid,none,0.1,tatdqa,full_marginmerge,0.0065,0.0001,0.0128,True
kcenter,uniform_centroid,none,0.1,tatdqa,merging,0.0067,0.0002,0.0133,True
kcenter,uniform_centroid,none,0.1,tatdqa,coverage_response,0.0191,0.0112,0.0268,True
kcenter,uniform_centroid,none,0.1,tatdqa,full_marginmerge,0.0043,-0.0019,0.0105,False
random,anchor,none,0.1,tatdqa,merging,-0.0178,-0.0264,-0.0089,True
random,anchor,none,0.1,tatdqa,coverage_response,-0.0055,-0.0159,0.0052,False
random,anchor,none,0.1,tatdqa,full_marginmerge,-0.0203,-0.0291,-0.0107,True
random,learned,full,0.1,tatdqa,merging,0.0093,0.0025,0.0163,True
random,learned,full,0.1,tatdqa,coverage_response,0.0216,0.013,0.0303,True
random,learned,full,0.1,tatdqa,full_marginmerge,0.0068,0.0006,0.0136,True
random,learned,margin,0.1,tatdqa,merging,0.0081,0.0009,0.0153,True
random,learned,margin,0.1,tatdqa,coverage_response,0.0204,0.0122,0.0285,True
random,learned,margin,0.1,tatdqa,full_marginmerge,0.0056,-0.0014,0.0121,False
random,learned,score_reconstruction,0.1,tatdqa,merging,0.0103,0.0036,0.0169,True
random,learned,score_reconstruction,0.1,tatdqa,coverage_response,0.0226,0.0144,0.0308,True
random,learned,score_reconstruction,0.1,tatdqa,full_marginmerge,0.0078,0.0019,0.0146,True
random,response_centroid,none,0.1,tatdqa,merging,-0.003,-0.0105,0.0053,False
random,response_centroid,none,0.1,tatdqa,coverage_response,0.0093,0.0005,0.0181,True
random,response_centroid,none,0.1,tatdqa,full_marginmerge,-0.0055,-0.0129,0.0018,False
random,uniform_centroid,none,0.1,tatdqa,merging,0.0038,-0.0039,0.0115,False
random,uniform_centroid,none,0.1,tatdqa,coverage_response,0.0161,0.0071,0.0257,True
random,uniform_centroid,none,0.1,tatdqa,full_marginmerge,0.0013,-0.0059,0.0089,False
